candidate,selected_candidate,seed,split,group_field,group_value,sample_count,total_normalized_mae,L_mae_mm,W_mae_mm,D_mae_mm,burial_depth_mae_mm,center_xyz_mae_mm,shape_accuracy
B0_reference_neural,False,42,train,shape_type,internal_cuboid,53,0.06660519540309906,0.14473304152488708,0.12997549772262573,0.011809341609477997,0.10464414209127426,0.3848060369491577,1.0
B0_reference_neural,False,42,train,shape_type,internal_ellipsoid,53,0.06754206120967865,0.1252782642841339,0.1132989227771759,0.010003922507166862,0.10956906527280807,0.36781731247901917,1.0
B0_reference_neural,False,42,train,shape_type,internal_sphere,54,0.07276643812656403,0.11609996855258942,0.10922275483608246,0.015416884794831276,0.11684911698102951,0.44539421796798706,1.0
B0_reference_neural,False,42,train,burial_depth_level,deep,40,0.054956573992967606,0.12545742094516754,0.09431537985801697,0.009401769377291203,0.07742845267057419,0.3164600431919098,1.0
B0_reference_neural,False,42,train,burial_depth_level,deep_plus,40,0.07157743722200394,0.12777137756347656,0.1515655815601349,0.014023028314113617,0.11469422280788422,0.3736289441585541,1.0
B0_reference_neural,False,42,train,burial_depth_level,medium,40,0.06797341257333755,0.12768587470054626,0.11237101256847382,0.011544913053512573,0.10495413839817047,0.4370265305042267,1.0
B0_reference_neural,False,42,train,burial_depth_level,shallow,40,0.08147236704826355,0.13358530402183533,0.11153734475374222,0.014745657332241535,0.1445019543170929,0.4713926315307617,1.0
B0_reference_neural,False,42,train,size_level,large,53,0.06486256420612335,0.14249897003173828,0.1395435929298401,0.012250533327460289,0.08808866888284683,0.36720284819602966,1.0
B0_reference_neural,False,42,train,size_level,medium,53,0.07164501398801804,0.1382123827934265,0.11952045559883118,0.010667278431355953,0.1212330013513565,0.3921036720275879,1.0
B0_reference_neural,False,42,train,size_level,small,54,0.0704498216509819,0.10559806227684021,0.0937255248427391,0.014332791790366173,0.12165006250143051,0.4388348460197449,1.0
B0_reference_neural,False,42,train,aspect_bin,compact,90,0.07224033772945404,0.11466363072395325,0.10546869039535522,0.01330455020070076,0.12022822350263596,0.44096359610557556,1.0
B0_reference_neural,False,42,train,aspect_bin,elongated_x,37,0.060874298214912415,0.15298275649547577,0.09575212001800537,0.010824598371982574,0.0961732342839241,0.30245354771614075,1.0
B0_reference_neural,False,42,train,aspect_bin,elongated_y,33,0.06924887001514435,0.139391228556633,0.17444129288196564,0.01183924451470375,0.09952128678560257,0.39584314823150635,1.0
B0_reference_neural,False,42,val,shape_type,internal_cuboid,13,0.407204270362854,1.1834439039230347,0.870606541633606,0.07826267182826996,0.4462865889072418,1.5139544010162354,1.0
B0_reference_neural,False,42,val,shape_type,internal_ellipsoid,14,0.19423899054527283,0.5698543787002563,0.44789212942123413,0.052669867873191833,0.16136735677719116,0.7783750891685486,1.0
B0_reference_neural,False,42,val,shape_type,internal_sphere,13,0.11254467070102692,0.11375949531793594,0.11383573710918427,0.053531669080257416,0.12713783979415894,0.5212766528129578,1.0
B0_reference_neural,False,42,val,burial_depth_level,deep,10,0.17258918285369873,0.40846312046051025,0.4755215048789978,0.05942179262638092,0.13888774812221527,0.6283255219459534,1.0
B0_reference_neural,False,42,val,burial_depth_level,deep_plus,10,0.19413542747497559,0.31378933787345886,0.3471834361553192,0.03943773731589317,0.25817328691482544,1.1024144887924194,1.0
B0_reference_neural,False,42,val,burial_depth_level,medium,10,0.29596462845802307,1.13695228099823,0.4407430589199066,0.10619214922189713,0.18065203726291656,0.8862627148628235,1.0
B0_reference_neural,False,42,val,burial_depth_level,shallow,10,0.2849190831184387,0.624955952167511,0.6433759331703186,0.040018778294324875,0.393653005361557,1.1185230016708374,1.0
B0_reference_neural,False,42,val,size_level,large,13,0.3877509832382202,1.1486120223999023,0.7076548933982849,0.10801436007022858,0.37688836455345154,1.318881869316101,1.0
B0_reference_neural,False,42,val,size_level,medium,14,0.13832755386829376,0.2787299156188965,0.2623397409915924,0.03261376917362213,0.17318905889987946,0.6132042407989502,1.0
B0_reference_neural,False,42,val,size_level,small,13,0.19221027195453644,0.46211016178131104,0.47661301493644714,0.045378852635622025,0.18380503356456757,0.8942252397537231,1.0
B0_reference_neural,False,42,val,aspect_bin,compact,22,0.2483910173177719,0.41317033767700195,0.5035272240638733,0.07566851377487183,0.27573561668395996,1.0335605144500732,1.0
B0_reference_neural,False,42,val,aspect_bin,elongated_x,13,0.15625792741775513,0.8535069823265076,0.1777561604976654,0.045236360281705856,0.08239002525806427,0.5434823632240295,1.0
B0_reference_neural,False,42,val,aspect_bin,elongated_y,5,0.39602547883987427,0.931253969669342,1.1359620094299316,0.03958491235971451,0.5152813792228699,1.5103305578231812,1.0
B0_reference_neural,False,42,test,shape_type,internal_cuboid,14,0.46479788422584534,0.8366206288337708,1.0202072858810425,0.08151514828205109,0.803986668586731,1.5479179620742798,1.0
B0_reference_neural,False,42,test,shape_type,internal_ellipsoid,13,0.5167087316513062,1.2101794481277466,1.6405029296875,0.11804690957069397,0.5823289155960083,1.585443139076233,1.0
B0_reference_neural,False,42,test,shape_type,internal_sphere,13,0.23309558629989624,0.2303832322359085,0.17485664784908295,0.08012618869543076,0.3841460347175598,0.9937129020690918,1.0
B0_reference_neural,False,42,test,burial_depth_level,deep,10,0.42842742800712585,0.9144271016120911,1.3770887851715088,0.1096566766500473,0.44906145334243774,1.2973695993423462,1.0
B0_reference_neural,False,42,test,burial_depth_level,deep_plus,10,0.3963482677936554,0.7343339323997498,0.7059467434883118,0.09349890798330307,0.6311966776847839,1.5178123712539673,1.0
B0_reference_neural,False,42,test,burial_depth_level,medium,10,0.32415691018104553,0.45241105556488037,0.7812826037406921,0.08367451280355453,0.503727376461029,1.0922517776489258,1.0
B0_reference_neural,False,42,test,burial_depth_level,shallow,10,0.4765300750732422,0.9428282380104065,0.923939049243927,0.0849161446094513,0.7980133891105652,1.6125538349151611,1.0
B0_reference_neural,False,42,test,size_level,large,14,0.5113542675971985,0.7941575050354004,1.371537446975708,0.12393259257078171,0.7435662150382996,1.4800506830215454,1.0
B0_reference_neural,False,42,test,size_level,medium,13,0.37554940581321716,0.4919184148311615,0.8885324001312256,0.04590337723493576,0.6867876648902893,1.5105894804000854,1.0
B0_reference_neural,False,42,test,size_level,small,13,0.3241173326969147,0.9943739175796509,0.5484713912010193,0.10658939927816391,0.34475547075271606,1.141654372215271,1.0
B0_reference_neural,False,42,test,aspect_bin,compact,22,0.3132603168487549,0.31906670331954956,0.2910085618495941,0.07075761258602142,0.6069205403327942,1.3053033351898193,1.0
B0_reference_neural,False,42,test,aspect_bin,elongated_x,4,0.48675593733787537,1.8235234022140503,0.8304348587989807,0.11458821594715118,0.7617009282112122,1.237017035484314,1.0
B0_reference_neural,False,42,test,aspect_bin,elongated_y,14,0.5297054648399353,1.1518888473510742,2.0113320350646973,0.12160301953554153,0.5300666093826294,1.538224220275879,1.0
B1_burial_weighted_loss,False,42,train,shape_type,internal_cuboid,53,0.07597123086452484,0.15473517775535583,0.19324623048305511,0.01578650064766407,0.05216105654835701,0.5305259227752686,1.0
B1_burial_weighted_loss,False,42,train,shape_type,internal_ellipsoid,53,0.06150619313120842,0.17237788438796997,0.11357645690441132,0.011575254611670971,0.05491583049297333,0.39480912685394287,1.0
B1_burial_weighted_loss,False,42,train,shape_type,internal_sphere,54,0.07762276381254196,0.12285467237234116,0.11637747287750244,0.017737139016389847,0.08096840977668762,0.39061975479125977,1.0
B1_burial_weighted_loss,False,42,train,burial_depth_level,deep,40,0.06493987888097763,0.16321586072444916,0.12587779760360718,0.016126658767461777,0.04287000745534897,0.3823074698448181,1.0
B1_burial_weighted_loss,False,42,train,burial_depth_level,deep_plus,40,0.055280908942222595,0.09480757266283035,0.09846548736095428,0.010850559920072556,0.06712084263563156,0.33194515109062195,1.0
B1_burial_weighted_loss,False,42,train,burial_depth_level,medium,40,0.07486817240715027,0.15259012579917908,0.15022636950016022,0.016387127339839935,0.07744117081165314,0.4757826030254364,1.0
B1_burial_weighted_loss,False,42,train,burial_depth_level,shallow,40,0.0918593555688858,0.18866503238677979,0.18907998502254486,0.01683511584997177,0.06375221163034439,0.5633705854415894,1.0
B1_burial_weighted_loss,False,42,train,size_level,large,53,0.07437717914581299,0.1637352854013443,0.1581251472234726,0.01562467310577631,0.06031151860952377,0.5099420547485352,1.0
B1_burial_weighted_loss,False,42,train,size_level,medium,53,0.06565362960100174,0.1635730266571045,0.13436731696128845,0.012644298374652863,0.062046028673648834,0.4127141535282135,1.0
B1_burial_weighted_loss,False,42,train,size_level,small,54,0.07511666417121887,0.1226629987359047,0.13044233620166779,0.01684672199189663,0.06597072631120682,0.3932490944862366,1.0
B1_burial_weighted_loss,False,42,train,aspect_bin,compact,90,0.0724070593714714,0.12195132672786713,0.12014657258987427,0.014983197674155235,0.06875666975975037,0.4220433533191681,1.0
B1_burial_weighted_loss,False,42,train,aspect_bin,elongated_x,37,0.08304435014724731,0.24235649406909943,0.18354973196983337,0.018823787569999695,0.05600303038954735,0.4976184666156769,1.0
B1_burial_weighted_loss,False,42,train,aspect_bin,elongated_y,33,0.05723201110959053,0.12207070738077164,0.1497410386800766,0.011000320315361023,0.05415623262524605,0.4163772165775299,1.0
B1_burial_weighted_loss,False,42,val,shape_type,internal_cuboid,13,0.40413782000541687,1.2167686223983765,0.843529999256134,0.08207642287015915,0.3837648332118988,1.5501787662506104,1.0
B1_burial_weighted_loss,False,42,val,shape_type,internal_ellipsoid,14,0.2240990251302719,0.7138605117797852,0.5342019200325012,0.05675145611166954,0.22036197781562805,0.7541835308074951,1.0
B1_burial_weighted_loss,False,42,val,shape_type,internal_sphere,13,0.12260926514863968,0.12166205793619156,0.10144998133182526,0.04178138077259064,0.1790323555469513,0.43314141035079956,1.0
B1_burial_weighted_loss,False,42,val,burial_depth_level,deep,10,0.21402083337306976,0.42990678548812866,0.3957638144493103,0.04946135729551315,0.3183283507823944,0.6826285123825073,1.0
B1_burial_weighted_loss,False,42,val,burial_depth_level,deep_plus,10,0.19984953105449677,0.39112257957458496,0.4343944489955902,0.04429362341761589,0.20371343195438385,0.9448714256286621,1.0
B1_burial_weighted_loss,False,42,val,burial_depth_level,medium,10,0.31783390045166016,1.2316722869873047,0.47437185049057007,0.1188630536198616,0.25196385383605957,0.8946912884712219,1.0
B1_burial_weighted_loss,False,42,val,burial_depth_level,shallow,10,0.26680564880371094,0.6866626143455505,0.6718265414237976,0.02784915268421173,0.2661374807357788,1.1119816303253174,1.0
B1_burial_weighted_loss,False,42,val,size_level,large,13,0.39603230357170105,1.2253073453903198,0.8475784063339233,0.11295176297426224,0.34445318579673767,1.3331224918365479,1.0
B1_burial_weighted_loss,False,42,val,size_level,medium,14,0.14858873188495636,0.24907727539539337,0.22792622447013855,0.022200195118784904,0.2739608585834503,0.6803722381591797,1.0
B1_burial_weighted_loss,False,42,val,size_level,small,13,0.21203359961509705,0.6136590242385864,0.4272369146347046,0.04811509698629379,0.16062216460704803,0.7296867370605469,1.0
B1_burial_weighted_loss,False,42,val,aspect_bin,compact,22,0.25751009583473206,0.3792307376861572,0.4734025299549103,0.07272341102361679,0.3240164816379547,0.9814231991767883,1.0
B1_burial_weighted_loss,False,42,val,aspect_bin,elongated_x,13,0.1813737154006958,1.068715214729309,0.25305652618408203,0.05148710310459137,0.08395715057849884,0.6311234831809998,1.0
B1_burial_weighted_loss,False,42,val,aspect_bin,elongated_y,5,0.3924037218093872,1.0314537286758423,1.2117952108383179,0.02708488702774048,0.43632519245147705,1.309161901473999,1.0
B1_burial_weighted_loss,False,42,test,shape_type,internal_cuboid,14,0.4562010169029236,0.9065752029418945,1.2645272016525269,0.08653930574655533,0.6026265621185303,1.5533374547958374,0.9285714285714286
B1_burial_weighted_loss,False,42,test,shape_type,internal_ellipsoid,13,0.5135141015052795,1.2746169567108154,1.6209863424301147,0.11795607954263687,0.4672936797142029,1.6060551404953003,1.0
B1_burial_weighted_loss,False,42,test,shape_type,internal_sphere,13,0.26591530442237854,0.1940031200647354,0.16963714361190796,0.08945248275995255,0.45621243119239807,0.9099332690238953,1.0
B1_burial_weighted_loss,False,42,test,burial_depth_level,deep,10,0.42821165919303894,1.022377610206604,1.4085365533828735,0.10030912607908249,0.4351513981819153,1.2008672952651978,1.0
B1_burial_weighted_loss,False,42,test,burial_depth_level,deep_plus,10,0.39160171151161194,0.6467359066009521,0.6004959940910339,0.10219581425189972,0.6779072284698486,1.460544228553772,1.0
B1_burial_weighted_loss,False,42,test,burial_depth_level,medium,10,0.3443516492843628,0.5459819436073303,0.904280960559845,0.0934620201587677,0.46113327145576477,1.0631096363067627,0.9
B1_burial_weighted_loss,False,42,test,burial_depth_level,shallow,10,0.48777443170547485,0.9633161425590515,1.1848350763320923,0.09481921046972275,0.4700433313846588,1.7209364175796509,1.0
B1_burial_weighted_loss,False,42,test,size_level,large,14,0.5150201916694641,0.8575814962387085,1.4571280479431152,0.11976148188114166,0.5878382325172424,1.6442382335662842,1.0
B1_burial_weighted_loss,False,42,test,size_level,medium,13,0.4117561876773834,0.6061615943908691,1.0331932306289673,0.06424291431903839,0.6998830437660217,1.4912067651748657,1.0
B1_burial_weighted_loss,False,42,test,size_level,small,13,0.30432945489883423,0.9152209758758545,0.5500139594078064,0.10738792270421982,0.23954905569553375,0.9268885850906372,0.9230769230769231
B1_burial_weighted_loss,False,42,test,aspect_bin,compact,22,0.3242655098438263,0.31476226449012756,0.32441049814224243,0.074632428586483,0.5864887237548828,1.3109318017959595,1.0
B1_burial_weighted_loss,False,42,test,aspect_bin,elongated_x,4,0.4223964512348175,1.8435546159744263,1.5759871006011963,0.12551568448543549,0.12756933271884918,0.8426785469055176,1.0
B1_burial_weighted_loss,False,42,test,aspect_bin,elongated_y,14,0.549712061882019,1.2489378452301025,1.9671791791915894,0.1259918212890625,0.502094566822052,1.5888116359710693,0.9285714285714286
B2_feature_fusion_burial_head,True,42,train,shape_type,internal_cuboid,53,0.07840482145547867,0.13431435823440552,0.18442581593990326,0.010945392772555351,0.07703906297683716,0.6716298460960388,1.0
B2_feature_fusion_burial_head,True,42,train,shape_type,internal_ellipsoid,53,0.05072985962033272,0.0753270760178566,0.10022720694541931,0.00802682526409626,0.0590774305164814,0.37005990743637085,1.0
B2_feature_fusion_burial_head,True,42,train,shape_type,internal_sphere,54,0.05797101557254791,0.0818554162979126,0.07804259657859802,0.014367763884365559,0.07282649725675583,0.3624628186225891,1.0
B2_feature_fusion_burial_head,True,42,train,burial_depth_level,deep,40,0.05488204583525658,0.09834221750497818,0.10922732949256897,0.01027519442141056,0.04661340266466141,0.40371811389923096,1.0
B2_feature_fusion_burial_head,True,42,train,burial_depth_level,deep_plus,40,0.06709813326597214,0.13027715682983398,0.1311386674642563,0.011639972217381,0.06301693618297577,0.5009714961051941,1.0
B2_feature_fusion_burial_head,True,42,train,burial_depth_level,medium,40,0.061117738485336304,0.07439781725406647,0.1174701377749443,0.011656459420919418,0.08052055537700653,0.46429842710494995,1.0
B2_feature_fusion_burial_head,True,42,train,burial_depth_level,shallow,40,0.06626640260219574,0.08526252210140228,0.12468662858009338,0.010963044129312038,0.08851923048496246,0.5005757212638855,1.0
B2_feature_fusion_burial_head,True,42,train,size_level,large,53,0.07649834454059601,0.12295939028263092,0.17525029182434082,0.012409011833369732,0.0776258111000061,0.6506698727607727,1.0
B2_feature_fusion_burial_head,True,42,train,size_level,medium,53,0.052814267575740814,0.08582065254449844,0.09544578194618225,0.009134868159890175,0.05608854442834854,0.39562320709228516,1.0
B2_feature_fusion_burial_head,True,42,train,size_level,small,54,0.057796377688646317,0.08270087838172913,0.09174108505249023,0.011843724176287651,0.07518415153026581,0.3579447567462921,1.0
B2_feature_fusion_burial_head,True,42,train,aspect_bin,compact,90,0.060313861817121506,0.08697286248207092,0.10284678637981415,0.012204226106405258,0.07472540438175201,0.40465617179870605,1.0
B2_feature_fusion_burial_head,True,42,train,aspect_bin,elongated_x,37,0.07338842749595642,0.149477019906044,0.16310939192771912,0.011102563701570034,0.06090309098362923,0.6548587679862976,1.0
B2_feature_fusion_burial_head,True,42,train,aspect_bin,elongated_y,33,0.05548342689871788,0.06584788113832474,0.12150457501411438,0.008248836733400822,0.06570015102624893,0.42829445004463196,1.0
B2_feature_fusion_burial_head,True,42,val,shape_type,internal_cuboid,13,0.4114956557750702,1.0986284017562866,0.9261261224746704,0.08535230159759521,0.340975284576416,1.8843492269515991,1.0
B2_feature_fusion_burial_head,True,42,val,shape_type,internal_ellipsoid,14,0.1736677885055542,0.608647346496582,0.2811781167984009,0.052124761044979095,0.15183985233306885,0.6253703236579895,1.0
B2_feature_fusion_burial_head,True,42,val,shape_type,internal_sphere,13,0.1058470755815506,0.10102735459804535,0.1133565902709961,0.04089677706360817,0.09262603521347046,0.497373104095459,1.0
B2_feature_fusion_burial_head,True,42,val,burial_depth_level,deep,10,0.16941890120506287,0.37572407722473145,0.40806061029434204,0.056197166442871094,0.13172775506973267,0.48057401180267334,1.0
B2_feature_fusion_burial_head,True,42,val,burial_depth_level,deep_plus,10,0.1987673044204712,0.3123074471950531,0.3144763708114624,0.04512695595622063,0.15364135801792145,1.3969948291778564,1.0
B2_feature_fusion_burial_head,True,42,val,burial_depth_level,medium,10,0.29348790645599365,1.1699270009994507,0.37436816096305847,0.10741030424833298,0.20061205327510834,0.940344512462616,1.0
B2_feature_fusion_burial_head,True,42,val,burial_depth_level,shallow,10,0.25400638580322266,0.5537005066871643,0.648071825504303,0.028364034369587898,0.2902764081954956,1.1538441181182861,1.0
B2_feature_fusion_burial_head,True,42,val,size_level,large,13,0.39689862728118896,1.178253173828125,0.8246893286705017,0.10748974233865738,0.2949610948562622,1.55708646774292,1.0
B2_feature_fusion_burial_head,True,42,val,size_level,medium,14,0.09204177558422089,0.1764320582151413,0.10807664692401886,0.023264121264219284,0.09150142967700958,0.49376004934310913,1.0
B2_feature_fusion_burial_head,True,42,val,size_level,small,13,0.20834900438785553,0.4868653118610382,0.40121039748191833,0.04984002187848091,0.20362012088298798,0.9663699269294739,1.0
B2_feature_fusion_burial_head,True,42,val,aspect_bin,compact,22,0.23142346739768982,0.42025673389434814,0.45342501997947693,0.06878888607025146,0.17613497376441956,1.0292811393737793,1.0
B2_feature_fusion_burial_head,True,42,val,aspect_bin,elongated_x,13,0.1690535843372345,0.8335175514221191,0.18878018856048584,0.052013177424669266,0.11798558384180069,0.7354475259780884,1.0
B2_feature_fusion_burial_head,True,42,val,aspect_bin,elongated_y,5,0.37355855107307434,0.8070428371429443,1.004055380821228,0.03629154711961746,0.4707587957382202,1.5025138854980469,1.0
B2_feature_fusion_burial_head,True,42,test,shape_type,internal_cuboid,14,0.45776909589767456,0.8620054721832275,1.1010005474090576,0.08931633830070496,0.45487719774246216,1.8107166290283203,1.0
B2_feature_fusion_burial_head,True,42,test,shape_type,internal_ellipsoid,13,0.5086846351623535,1.361912727355957,1.652312159538269,0.11928907036781311,0.46136367321014404,1.6341177225112915,1.0
B2_feature_fusion_burial_head,True,42,test,shape_type,internal_sphere,13,0.21838951110839844,0.14418469369411469,0.175936758518219,0.079487644135952,0.2752864360809326,0.8497034311294556,1.0
B2_feature_fusion_burial_head,True,42,test,burial_depth_level,deep,10,0.40991345047950745,0.8677809238433838,1.258804202079773,0.10387438535690308,0.23369790613651276,1.3928370475769043,1.0
B2_feature_fusion_burial_head,True,42,test,burial_depth_level,deep_plus,10,0.39403995871543884,0.7631435990333557,0.6369069218635559,0.09205705672502518,0.5657706260681152,1.620200753211975,1.0
B2_feature_fusion_burial_head,True,42,test,burial_depth_level,medium,10,0.33091768622398376,0.6036181449890137,0.9436348080635071,0.08985308557748795,0.3312915563583374,1.20765221118927,1.0
B2_feature_fusion_burial_head,True,42,test,burial_depth_level,shallow,10,0.45120200514793396,0.9301912188529968,1.0787785053253174,0.09766807407140732,0.463713139295578,1.5432809591293335,1.0
B2_feature_fusion_burial_head,True,42,test,size_level,large,14,0.5112253427505493,0.9145030379295349,1.5640301704406738,0.12636040151119232,0.46266844868659973,1.632289171218872,1.0
B2_feature_fusion_burial_head,True,42,test,size_level,medium,13,0.3894682228565216,0.5686913728713989,0.9177075028419495,0.05838676914572716,0.560524046421051,1.611188292503357,1.0
B2_feature_fusion_burial_head,True,42,test,size_level,small,13,0.28003761172294617,0.88086998462677,0.41189414262771606,0.10049634426832199,0.16773541271686554,1.0647860765457153,1.0
B2_feature_fusion_burial_head,True,42,test,aspect_bin,compact,22,0.30423295497894287,0.3464716076850891,0.32138556241989136,0.07129725813865662,0.43189823627471924,1.3353588581085205,1.0
B2_feature_fusion_burial_head,True,42,test,aspect_bin,elongated_x,4,0.39806583523750305,1.8575222492218018,0.8982001543045044,0.11333835124969482,0.13376399874687195,1.0429867506027222,1.0
B2_feature_fusion_burial_head,True,42,test,aspect_bin,elongated_y,14,0.5410959124565125,1.1853482723236084,2.036996841430664,0.12947377562522888,0.4219939112663269,1.7207047939300537,1.0
B3_shape_conditioned_burial_head,False,42,train,shape_type,internal_cuboid,53,0.0803617313504219,0.20610107481479645,0.12169266492128372,0.01504939328879118,0.06645938009023666,0.5535907745361328,1.0
B3_shape_conditioned_burial_head,False,42,train,shape_type,internal_ellipsoid,53,0.06621754914522171,0.15117894113063812,0.11067406088113785,0.008803889155387878,0.0437646210193634,0.3971163332462311,1.0
B3_shape_conditioned_burial_head,False,42,train,shape_type,internal_sphere,54,0.07335209846496582,0.13605301082134247,0.13473591208457947,0.017566287890076637,0.04957008734345436,0.48624899983406067,1.0
B3_shape_conditioned_burial_head,False,42,train,burial_depth_level,deep,40,0.0698181688785553,0.1670740693807602,0.10435203462839127,0.012819536030292511,0.05501765012741089,0.4616270661354065,1.0
B3_shape_conditioned_burial_head,False,42,train,burial_depth_level,deep_plus,40,0.06869195401668549,0.173810213804245,0.10236897319555283,0.01650942489504814,0.043929148465394974,0.4292829930782318,1.0
B3_shape_conditioned_burial_head,False,42,train,burial_depth_level,medium,40,0.07035624235868454,0.13296647369861603,0.12573178112506866,0.012805175967514515,0.05955243110656738,0.47461313009262085,1.0
B3_shape_conditioned_burial_head,False,42,train,burial_depth_level,shallow,40,0.08437652885913849,0.18321681022644043,0.1573266237974167,0.013185950927436352,0.05446719005703926,0.5505997538566589,1.0
B3_shape_conditioned_burial_head,False,42,train,size_level,large,53,0.07216566801071167,0.19671852886676788,0.11508869379758835,0.013432384468615055,0.05344371497631073,0.49843454360961914,1.0
B3_shape_conditioned_burial_head,False,42,train,size_level,medium,53,0.06920503079891205,0.14337563514709473,0.11644665896892548,0.009038147516548634,0.04978683963418007,0.45503777265548706,1.0
B3_shape_conditioned_burial_head,False,42,train,size_level,small,54,0.07846422493457794,0.15292057394981384,0.13555186986923218,0.018923429772257805,0.0564340241253376,0.48353496193885803,1.0
B3_shape_conditioned_burial_head,False,42,train,aspect_bin,compact,90,0.07418558746576309,0.15112942457199097,0.11720038205385208,0.015325815416872501,0.052273429930210114,0.4778018593788147,1.0
B3_shape_conditioned_burial_head,False,42,train,aspect_bin,elongated_x,37,0.08124186843633652,0.23792704939842224,0.11634514480829239,0.012878344394266605,0.05863112956285477,0.5129497647285461,1.0
B3_shape_conditioned_burial_head,False,42,train,aspect_bin,elongated_y,33,0.062032219022512436,0.1175076812505722,0.14358699321746826,0.010817615315318108,0.049839287996292114,0.4443518817424774,1.0
B3_shape_conditioned_burial_head,False,42,val,shape_type,internal_cuboid,13,0.4007789194583893,1.2170745134353638,0.7438402771949768,0.09404987841844559,0.3958302140235901,1.4372730255126953,0.9230769230769231
B3_shape_conditioned_burial_head,False,42,val,shape_type,internal_ellipsoid,14,0.20475685596466064,0.6111197471618652,0.4467276632785797,0.04965152218937874,0.20119833946228027,0.6936483383178711,1.0
B3_shape_conditioned_burial_head,False,42,val,shape_type,internal_sphere,13,0.11877170205116272,0.1138886883854866,0.12188293784856796,0.05411286652088165,0.11631504446268082,0.505522608757019,1.0
B3_shape_conditioned_burial_head,False,42,val,burial_depth_level,deep,10,0.20459690690040588,0.4599345922470093,0.3953431248664856,0.06130458414554596,0.24200794100761414,0.7114129066467285,1.0
B3_shape_conditioned_burial_head,False,42,val,burial_depth_level,deep_plus,10,0.17817513644695282,0.3510719835758209,0.2126006931066513,0.04499879106879234,0.16140085458755493,0.9944105744361877,1.0
B3_shape_conditioned_burial_head,False,42,val,burial_depth_level,medium,10,0.31860774755477905,1.2418745756149292,0.5170131921768188,0.11681482195854187,0.2618367373943329,0.8028758764266968,1.0
B3_shape_conditioned_burial_head,False,42,val,burial_depth_level,shallow,10,0.2606956958770752,0.532938539981842,0.625901997089386,0.039005499333143234,0.2822209596633911,0.9880424737930298,0.9
B3_shape_conditioned_burial_head,False,42,val,size_level,large,13,0.3829338550567627,1.1375494003295898,0.7168975472450256,0.11147518455982208,0.35647428035736084,1.1931394338607788,1.0
B3_shape_conditioned_burial_head,False,42,val,size_level,medium,14,0.13275597989559174,0.2886314392089844,0.2005816400051117,0.022618640214204788,0.1723053753376007,0.6367290019989014,1.0
B3_shape_conditioned_burial_head,False,42,val,size_level,small,13,0.21415621042251587,0.5407087802886963,0.41390615701675415,0.06579990684986115,0.1867865025997162,0.8109539747238159,0.9230769230769231
B3_shape_conditioned_burial_head,False,42,val,aspect_bin,compact,22,0.25462302565574646,0.4608072340488434,0.4354560375213623,0.07921578735113144,0.27360695600509644,0.9968113303184509,1.0
B3_shape_conditioned_burial_head,False,42,val,aspect_bin,elongated_x,13,0.16346123814582825,0.8855096697807312,0.2298813760280609,0.048587385565042496,0.09056406468153,0.5027945041656494,1.0
B3_shape_conditioned_burial_head,False,42,val,aspect_bin,elongated_y,5,0.3788102865219116,0.8417625427246094,0.9880200028419495,0.04937073588371277,0.45559602975845337,1.3002485036849976,0.8
B3_shape_conditioned_burial_head,False,42,test,shape_type,internal_cuboid,14,0.4200289249420166,0.7995907664299011,1.0119093656539917,0.06740015745162964,0.6844447255134583,1.412308931350708,1.0
B3_shape_conditioned_burial_head,False,42,test,shape_type,internal_ellipsoid,13,0.44303444027900696,1.307891607284546,1.4003920555114746,0.09349321573972702,0.48832663893699646,1.1910170316696167,1.0
B3_shape_conditioned_burial_head,False,42,test,shape_type,internal_sphere,13,0.23238496482372284,0.21069154143333435,0.2498181164264679,0.08345405757427216,0.3357784152030945,0.9771237373352051,1.0
B3_shape_conditioned_burial_head,False,42,test,burial_depth_level,deep,10,0.39046186208724976,0.8146481513977051,1.285752773284912,0.08698172867298126,0.5200136303901672,1.0123685598373413,1.0
B3_shape_conditioned_burial_head,False,42,test,burial_depth_level,deep_plus,10,0.36841273307800293,0.8687413334846497,0.4730754494667053,0.1015319749712944,0.5608771443367004,1.41805100440979,1.0
B3_shape_conditioned_burial_head,False,42,test,burial_depth_level,medium,10,0.3059419095516205,0.554069995880127,0.7166181206703186,0.07149610668420792,0.47309789061546326,1.056630253791809,1.0
B3_shape_conditioned_burial_head,False,42,test,burial_depth_level,shallow,10,0.40126925706863403,0.8561255931854248,1.0864999294281006,0.06438185274600983,0.4755704998970032,1.3087655305862427,1.0
B3_shape_conditioned_burial_head,False,42,test,size_level,large,14,0.47757941484451294,0.7592868804931641,1.4763528108596802,0.09994720667600632,0.6215404868125916,1.3220922946929932,1.0
B3_shape_conditioned_burial_head,False,42,test,size_level,medium,13,0.3393566906452179,0.6163861751556396,0.7381327748298645,0.03737064078450203,0.6665180325508118,1.3095877170562744,1.0
B3_shape_conditioned_burial_head,False,42,test,size_level,small,13,0.27408531308174133,0.9456010460853577,0.41190779209136963,0.10452595353126526,0.22533008456230164,0.9557092785835266,1.0
B3_shape_conditioned_burial_head,False,42,test,aspect_bin,compact,22,0.2835351228713989,0.33695775270462036,0.2740178406238556,0.06417884677648544,0.5278840065002441,1.2060084342956543,1.0
B3_shape_conditioned_burial_head,False,42,test,aspect_bin,elongated_x,4,0.3757377564907074,1.8382396697998047,0.979524552822113,0.09277497977018356,0.2899443507194519,0.561596691608429,1.0
B3_shape_conditioned_burial_head,False,42,test,aspect_bin,elongated_y,14,0.494295209646225,1.1549873352050781,1.8337836265563965,0.10434871166944504,0.5373119711875916,1.3699702024459839,1.0
